{
    "LCID": "1036",
    "languageLabel": "FR",
    "EN": "Anglais",
    "FR": "Français",
    "pagesLibraryName": "Pages",
    "siteMapLocalStorageKey": "siteMapNodesFR",
    "headerLinksLocalStorageKey": "headerLinksNodesFR",
    "footerLinksLocalStorageKey": "footerLinksNodesFR",
    "translateButtonLabel": "Créer une traduction pour '%s'",
    "existingTranslations" : "Une ou plusieurs traductions pour cette page existent déjà pour la langue sélectionnée '%s':",
    "successTranslationCreation" : "Votre traduction '%s' a été créée avec succès",
    "breadcrumbErrorMessage" : "Attention: cette page n'est pas reliée à un terme de navigation.",
    "selectLanguageMessage" : "Sélectionnez une langue:",
    "selectPageNameMessage" : "Nom de la page (URL du fichier)",
    "invalidFilenameMessage": "Le nom de fichier est invalide. Vous ne pouvez pas utiliser les caractères spéciaux \" # % * : < > ? \\ / | ou utiliser le même nom que la page courante.",
    "emptyFilenameMessage": "Le nom de fichier ne peut pas être vide",
    "translationComponentTitle": "Traduire cette page",
    "noTranslationMessage": "Cette page ne possède pas de traduction pour cette langue",
    "breadcrumbHomeLabel": "Accueil",
    "allNewsLabel": "Tout voir",
    "allEventsLabel": "Tout voir",
    "allLabel": "Tout voir",
    "readArticle": "Lire l'article",
    "featuredPost": "Nouvelle en vedette",
    "allDocumentsLabel": "Voir tous les documents '%s'",
    "seeJobDescription": "Voir la description de poste",
    "postedDate": "Date de parution",
    "closingDate": "Date de fin",
    "icsButtonLabel": "Ajouter à Outlook",
    "allNewsQueryRuleToken" : "Nouvelles",
    "searchPlaceholderLabel": "Rechercher dans",
    "intranetSearchCategory": "Intranet",
    "documentsSearchCategory" : "Documents",
    "peopleSearchCategory" : "Bottin",
    "readMore": "Lire la suite",
    "utilityNavigation": "Liens utiles",  
    "welcomeMessage": "Bienvenue %s</br>Qu'aimeriez vous faire aujourd'hui?",  
    "postedBy": "par",
    "publishedOn": "Publié le",
    "categories": "Catégories",
    "careers": "Carrières",
    "events": "Événements",
    "posts": "Brèves",
    "filterBy": "Filtrer par",
    "from": "De",
    "to": "à",
    "addFilters": "Ajouter des filtres",
    "hideFilters": "Cacher les filtres",
    "applyFilter": "Appliquer le filtre",
    "removeAllFilters": "Supprimer tous les filtres",
    "clearFilter": "Supprimer le filtre",
    "availableFilters": "Filtres disponibles",
    "selectedFilter": "Filtre sélectionné",
    "newNotifications": "Nouvelles notifications",
    "searchTipsDlgTitle": "Astuces de recherche",
    "rf_FileTypeRefinerTitle" : "Type de fichier",
    "rf_LastModifiedTimeRefinerTitle" : "Date de dernière modification",
    "rf_CategoryRefinerTitle" : "Catégorie",
    "rf_ContentTypeRefinerTitle": "Type de contenu",
    "rf_PublishingDateRefinerTitle" : "Date de publication",
    "rf_AuthorRefinerTitle" : "Auteur",
    "rf_KeywordsRefinerTitle": "Mots clés",
    "rf_ResultTypeRefinerTitle": "Type de résultat",
    "rf_EmptyRefinement": "Aucun filtre disponible pour cette recherche",
    "rf_JobTitleRefinerTitle": "Titre",
    "rf_DepartmentRefinerTitle": "Département",
    "rs_NoResultsTitle": "Aucun résultat pour cette recherche",
    "rs_countDisplayString" : "Affichage de {0} résultat(s)",
    "rs_submittedKeywords": " pour '{0}'",
    "rs_SingleResultCount": "{0} résultat",
    "rs_ResultCount": "{0} résultats",
    "hp_Tooltip_ViewLibrary": "Voir dans la bibliothèque",
    "hp_Tooltip_Download": "Télécharger",
    "datepicker" : {
        "closeText": "Fermer",
        "prevText": "Précédent",
        "nextText": "Suivant",
        "currentText": "Aujourd'hui",
        "monthNames": [ "Janvier", "Février", "Mars", "Avril", "Mai", "Juin",
            "Juillet", "Août", "Septembre", "Octobre", "Novembre", "Décembre" ],
        "monthNamesShort": [ "Janv.", "Févr.", "Mars", "Avr.", "Mai", "Juin",
            "Juil.", "Août", "Sept.", "Oct.", "Nov.", "Déc." ],
        "dayNames": [ "dimanche", "lundi", "mardi", "mercredi", "jeudi", "vendredi", "samedi" ],
        "dayNamesShort": [ "dim.", "lun.", "mar.", "mer.", "jeu.", "ven.", "sam." ],
        "dayNamesMin": [ "D","L","M","M","J","V","S" ],
        "weekHeader": "Sem.",
        "dateFormat": "dd/mm/yy",
        "firstDay": 1,
        "isRTL": false,
        "showMonthAfterYear": false,
        "yearSuffix": "" 
    },
    "longDateFormat": {
        "L":"DD/MM/YYYY",
        "LL":"D MMMM YYYY",
        "LLL":"D MMMM YYYY, HH:mm",
        "LLLL":"DDDD D MMMM YYYY, HH:mm",
        "LT":"HH:mm",
        "LTS":"HH:mm:ss"
    },    
    "up_departmentProperty": "Département",
    "up_officeNumberProperty": "Emplacement",
    "up_roomProperty": "Bureau",
    "up_workPhoneProperty": "Téléphone",
    "up_emailProperty": "Courriel",
    "searchDlgHtmlBody": "<h2>Ce que vous voulez<\/h2> <blockquote style=\"text-align: center;\"> <em>\"Je recherche un aper\u00E7u des b\u00E9n\u00E9fices RH. C'est un <span style=\"background-color: #FFA33B\">fichier PDF<\/span> ajout\u00E9 par une femme en <span style=\"background-color: #3Bff83\">ressources humaines<\/span> avec comme nom <span style=\"background-color: #FF3B76\">\"Matthew\" ou \"Matthews\"<\/span> - Je ne me rappelle plus exactement - qui contient beaucoup les mots <span style=\"background-color: #3BC7FF\">\"b\u00E9n\u00E9fices\" et \"assurance\"<\/span>. Oh, et je veux laversion actuelle donc <span style=\"background-color: #FFE53B\">ne me donne pas la version de 2015<\/span>\" <\/em> <\/blockquote> <h2>Comment rechercher \u00E7a?<\/h2> <blockquote style=\"font-weight: 700;font-size: 16px;text-align: center;\"> <span style=\"background-color: #3Bff83\">\"ressources humaines\"<\/span> <span style=\"background-color: #3BC7FF\">b\u00E9n\u00E9fices OR assurance<\/span> <span style=\"background-color: #FFE53B\">-2015<\/span> <span style=\"background-color: #FFA33B\">filetype:pdf<\/span> <span style=\"background-color: #FF3B76\">author:matt*<\/span> <\/blockquote> <ul style=\"line-height: 1.5\"> <li><span style=\"background-color: #3Bff83\">&nbsp;&nbsp;&nbsp;<\/span> Utiliser les apostrophes pour trouver les fichiers avec la phrase exact \"ressources humaines\" et non les mots s\u00E9par\u00E9s.<\/li><li><span style=\"background-color: #FFE53B\" >&nbsp;&nbsp;&nbsp;<\/span> Utiliser <strong>-<\/strong> pour exclure les \u00E9l\u00E9ments qui contiennent \"2015\".<\/li><li><span style=\"background-color: #FF3B76\" >&nbsp;&nbsp;&nbsp;<\/span> Retourne seulement les fichiers qui ont \u00E9t\u00E9 cr\u00E9\u00E9s ou modifi\u00E9s par n'importe qui ayant comme nom ou pr\u00E9nom qui commence par \"matt\".<\/li><li><span style=\"background-color: #3BC7FF\" >&nbsp;&nbsp;&nbsp;<\/span> Utiliser \"OR\" pour trouver les r\u00E9sultats qui incluent \"b\u00E9n\u00E9fices\", \"assurance\" ou les deux.<\/li><li><span style=\"background-color: #FFA33B\" >&nbsp;&nbsp;&nbsp;<\/span> Retourne seulement les documents PDF dans mes r\u00E9sultats.<\/li><\/ul> <h2>Que cherche SharePoint?<\/h2> <p>Le moteur de recherche de SharePoint va rechercher dans le site courant incluant les pages, les nouvelles et les documents. Il va \u00E9galement chercher dans le r\u00E9pertoire des utilisateurs. Il cherche \u00E9galement le texte \u00E0 l'int\u00E9rieur des documents ainsi que leurs m\u00E9tadonn\u00E9es. Celles-ci incluent le nom du fichier, le titre du document, l'auteur et n'importe quel mot-cl\u00E9 ou cat\u00E9gorie que vous avez mis en place. Les r\u00E9sultats de recherche n'affichent seulement le contenu dont vous avez acc\u00E8s. La recherche n'est pas sensible \u00E0 la casse et SharePoint ne retourne que les \u00E9l\u00E9ments index\u00E9s. G\u00E9n\u00E9ralement tout, ou presque, est index\u00E9. Si vous ne voyez pas certains r\u00E9sultats du tout, l'indexation peut \u00EAtre le probl\u00E8me. Dans ce cas, contactez votre administrateur TI. <\/p><h2>Op\u00E9rateurs<\/h2> <ul class=\"columns\"> <li> <div class=\"category\"><strong>AND<\/strong><\/div>Limite votre recherche en cherchant les r\u00E9sultats qui contiennent chacun des termes. La recherche <em>ressources<\/em> AND <em>humaines<\/em> retourne les r\u00E9sultats qui contiennent chacun de ces mots. Un espace entre les mots est consid\u00E9r\u00E9 comme un AND ce qui signifie que <em>ressources AND humaines<\/em> est \u00E9quivalent \u00E0 <em>ressources humaines<\/em> <\/li><li> <div class=\"category\"><strong>OR<\/strong><\/div>\u00C9largit votre recherche en incluant les r\u00E9sultats contenant l'un ou l'autre de ces termes. La recherche <em>\"ressources\" OR \"humaines\"<\/em> retourne n'importe quel r\u00E9sultat qui contient l'un l'autre de ces mots. <\/li><li> <div class=\"category\"><strong>NOT, -<\/strong><\/div>Limite votre recherche en excluant les r\u00E9sultats qui contiennent les termes sp\u00E9cifi\u00E9s. La recherche <em>NOT assurance<\/em> retourne seulement les r\u00E9sultats qui ne contiennent pas le mot <em>\"assurance\"<\/em>. Utiliser le tiret \u00E0 la place donnera le m\u00EAme r\u00E9sultat. La recherche <em>-assurance<\/em> est \u00E9quivalente \u00E0 <em>NOT assurance<\/em>. <\/li><li> <div class=\"category\"><strong>*<\/strong><\/div>L'op\u00E9rateur g\u00E9n\u00E9rique \u00E9largit votre recherche en retournant les r\u00E9sultats qui contiennent des variations du terme. La recherche <em>\u00E9du*<\/em> retourne les r\u00E9sulats qui incluent <em>\u00E9duquer<\/em>, <em>\u00E9ducation<\/em>, etc. Vous pouvez seulement terminer un mot avec un l'op\u00E9rateur g\u00E9n\u00E9rique. Vous ne pouvez pas l'utiliser au d\u00E9but. <\/li><li> <div class=\"category\"><strong>\"\"<\/strong><\/div>Les apostrophes limitent votre recherche en retournant les r\u00E9sultats qui incluent la phrase exactement. La recherche <em>\"ressources humaines\"<\/em> retourne les r\u00E9sultats qui contiennent cette phrase exacte et dans cet ordre. <\/li><\/ul>Vous pouvez inclure plusieurs op\u00E9rateurs dans une recherche. Par exemple, la requ\u00EAte suivante est totalement valable: <blockquote style=\"font-weight: 700;font-size: 16px;text-align: center;\"> \"finance rapport\" budget 2016 OR 2015 doc* -2014 -2013 <\/blockquote> <h2>Propri\u00E9t\u00E9s<\/h2> <p>Recherchez par propri\u00E9t\u00E9 pour filtrer sur les m\u00E9tadonn\u00E9es associ\u00E9es aux documents que vous cherchez. Utiliser la m\u00EAme propri\u00E9t\u00E9 deux ou plusieurs fois dans une seule recherche est consid\u00E9r\u00E9 comme un OR. <\/p><div class=\"properties\"> <ul class=\"columns\"> <li> <div class=\"category\"><strong>Propri\u00E9t\u00E9s communes<\/strong><\/div><ul style=\"list-style-type: none\"> <li>title<\/li><li>filetype<\/li><li>author<\/li><\/ul> <\/li><li> <div class=\"category\"><strong>Op\u00E9rateurs communs<\/strong><\/div><ul style=\"list-style-type: none\"> <li><strong>:<\/strong> - \u00E9gal<\/li><li><strong><><\/strong> - n'est pas \u00E9gal<\/li><li><strong><<\/strong> - inf\u00E9rieur \u00E0<\/li><li><strong><=<\/strong> - inf\u00E9rieur ou \u00E9gal \u00E0<\/li><li><strong>><\/strong> - sup\u00E9rieur \u00E0<\/li><li><strong>>=<\/strong> - sup\u00E9rieur ou \u00E9gal \u00E0<\/li><\/ul> <\/li><\/ul> <\/div>Vous pouvez inclure plusieurs propri\u00E9t\u00E9s dans une recherche. Par exemple, la requ\u00EAte suivante est totalement valable: <blockquote style=\"font-weight: 700;font-size: 16px;text-align: center;\"> finance rapport filetype:docx filetype:pdf author<>\"John Smith\" <\/blockquote> Cette requ\u00EAte retourne n'importe quels documents PDF ou docx dont l'auteur n'est pas John Smith\" et qui contiennent les termes \"finance\" et \"rapport\".",
    "comments_like": "J'aime",
    "comments_unlike": "Je n'aime plus",
    "comments_reply": "Répondre",
    "comments_edit": "Éditer",
    "comments_delete": "Supprimer",
    "comments_new_placeholder": "Réagir...",
    "comments_reply_placeholder": "Répondre à ce commentaire...",
    "comments_update_placeholder": "Mettre à ce commentaire...",
    "comments_post": "Ajouter",
    "comments_update": "Mettre à jour",
    "comments_cancel": "Annuler",
    "comments_postedOn": "Posté le",
    "comments-loading": "Chargement des commentaires pour cette page...",
    "comments_edited": "Édité",
    "comments_lastUpdate": "Dernière modification le",
    "comments_commentsLabel": "commentaire(s)",
    "comments_empty": "Vous ne pouvez pas poster un commentaire vide.",
    "comments_delete_hierarchy": "Ce commentaire possède des réponses qui seront également supprimées. Êtes-vous sûr?",
    "comments_delete_single": "Êtes-vous sûr de vouloir supprimer ce commentaire?"
}